Unnamed: 0_level_0,Unnamed: 1_level_0,Unnamed: 2_level_0,Salary,Salary,Salary,Salary,Salary,Salary,Unnamed: 9_level_0
Rk,Player,Tm,2024-25,2025-26,2026-27,2027-28,2028-29,2029-30,Guaranteed
1,Stephen Curry,GSW,"$55,761,216","$59,606,817","$62,587,158",,,,"$177,955,191"
2,Joel Embiid,PHI,"$51,415,938","$55,224,526","$57,985,752","$62,624,612","$67,263,472",,"$227,250,828"
3,Nikola JokiÄ,DEN,"$51,415,938","$55,224,526","$59,033,114","$62,841,702",,,"$165,673,578"
4,Kevin Durant,PHO,"$51,179,021","$54,708,609",,,,,"$105,887,630"
5,Bradley Beal,PHO,"$50,203,930","$53,666,270","$57,128,610",,,,"$103,870,200"
6,Jaylen Brown,BOS,"$49,205,800","$53,142,264","$57,078,728","$61,015,192","$64,951,656",,"$285,393,640"
7,Devin Booker,PHO,"$49,205,800","$53,142,264","$57,078,728","$61,015,192",,,"$220,441,984"
8,Karl-Anthony Towns,NYK,"$49,205,800","$53,142,264","$57,078,728","$61,015,192",,,"$159,426,792"
9,Paul George,PHI,"$49,205,800","$51,666,090","$54,126,380","$56,586,670",,,"$154,998,270"
10,Kawhi Leonard,LAC,"$49,205,800","$50,000,000","$50,300,000",,,,"$149,505,800"
11,Jimmy Butler,GSW,"$48,798,677","$54,126,450","$56,832,773",,,,"$159,757,900"
12,Giannis Antetokounmpo,MIL,"$48,787,676","$54,126,450","$58,456,566","$62,786,682",,,"$161,370,692"
13,Damian Lillard,MIL,"$48,787,676","$54,126,450","$58,456,566",,,,"$102,914,126"
14,LeBron James,LAL,"$48,728,845","$52,627,153",,,,,"$48,728,845"
15,Zach LaVine,SAC,"$44,531,940","$47,499,660","$48,967,380",,,,"$92,031,600"
16,Rudy Gobert,MIN,"$43,827,586","$35,000,000","$36,500,000","$38,000,000",,,"$115,327,586"
17,Anthony Davis,DAL,"$43,219,440","$54,126,450","$58,456,566","$62,786,682",,,"$155,802,456"
18,Luka DonÄiÄ,LAL,"$43,031,940","$45,999,660","$48,967,380",,,,"$89,031,600"
19,Trae Young,ATL,"$43,031,940","$45,999,660","$48,967,380",,,,"$89,031,600"
20,Fred VanVleet,HOU,"$42,846,615","$44,886,930",,,,,"$42,846,615"
,,,Salary,Salary,Salary,Salary,Salary,Salary,
Rk,Player,Tm,2024-25,2025-26,2026-27,2027-28,2028-29,2029-30,Guaranteed
21,Anthony Edwards,MIN,"$42,176,400","$45,550,512","$48,924,624","$52,298,736","$55,672,848",,"$244,623,120"
22,Tyrese Haliburton,IND,"$42,176,400","$45,550,512","$48,924,624","$52,298,736","$55,672,848",,"$244,623,120"
23,Lauri Markkanen,UTA,"$42,176,400","$46,394,100","$46,113,154","$49,824,681","$53,536,209",,"$238,044,544"
24,Pascal Siakam,IND,"$42,176,400","$45,550,512","$48,924,624","$52,298,736",,,"$188,950,272"
25,Kyrie Irving,DAL,"$41,000,000","$43,962,963",,,,,"$41,000,000"
26,Domantas Sabonis,SAC,"$40,500,000","$43,636,000","$46,772,000","$49,908,000",,,"$180,816,000"
27,Ben Simmons,BRK,"$40,011,909",,,,,,"$39,256,083"
28,Zion Williamson,NOP,"$36,725,670","$39,446,090","$42,166,510","$44,886,930",,,"$163,225,200"
29,Ja Morant,MEM,"$36,725,670","$39,446,090","$42,166,510","$44,886,930",,,"$163,225,200"
30,Darius Garland,CLE,"$36,725,670","$39,446,090","$42,166,510","$44,886,930",,,"$163,225,200"
31,OG Anunoby,NYK,"$36,637,932","$39,568,966","$42,500,000","$45,431,034","$48,362,068",,"$164,137,932"
32,Jamal Murray,DEN,"$36,016,200","$46,394,100","$50,105,628","$53,817,156","$57,528,684",,"$243,861,768"
33,Brandon Ingram,TOR,"$36,016,200","$38,095,238","$40,000,000","$41,904,762",,,"$114,111,438"
34,Shai Gilgeous-Alexander,OKC,"$35,859,950","$38,333,050","$40,806,150",,,,"$114,999,150"
35,Michael Porter Jr.,DEN,"$35,859,950","$38,333,050","$40,806,150",,,,"$86,193,000"
36,Donovan Mitchell,CLE,"$35,410,310","$46,394,100","$50,105,628","$53,817,156",,,"$131,910,038"
37,Tyrese Maxey,PHI,"$35,147,000","$37,958,760","$40,770,520","$43,582,280","$46,394,040",,"$203,852,600"
38,LaMelo Ball,CHO,"$35,147,000","$37,958,760","$40,770,520","$43,582,280","$46,394,040",,"$203,852,600"
39,Jayson Tatum,BOS,"$34,848,340","$54,126,450","$58,456,566","$62,786,682","$67,116,798","$71,446,914","$277,334,836"
40,Bam Adebayo,MIA,"$34,848,340","$37,096,620","$48,713,700","$52,610,796","$56,507,892",,"$173,269,456"
,,,Salary,Salary,Salary,Salary,Salary,Salary,
Rk,Player,Tm,2024-25,2025-26,2026-27,2027-28,2028-29,2029-30,Guaranteed
41,De'Aaron Fox,SAS,"$34,848,340","$37,096,620",,,,,"$71,944,960"
42,Desmond Bane,MEM,"$34,005,250","$36,725,670","$39,446,090","$42,166,510","$44,886,930",,"$34,005,250"
43,Deandre Ayton,POR,"$34,005,126","$35,550,814",,,,,"$69,555,940"
44,James Harden,LAC,"$33,653,846","$36,346,154",,,,,"$33,653,846"
45,CJ McCollum,NOP,"$33,333,333","$30,666,666",,,,,"$63,999,999"
46,Julius Randle,MIN,"$33,073,920","$30,935,520",,,,,"$33,073,920"
47,Immanuel Quickley,TOR,"$32,500,000","$32,500,000","$32,500,000","$32,500,000","$32,500,000",,"$162,500,000"
48,Khris Middleton,WAS,"$31,000,000","$33,296,296",,,,,"$64,296,296"
49,Jrue Holiday,BOS,"$30,000,000","$32,400,000","$34,800,000","$37,200,000",,,"$97,200,000"
50,Isaiah Hartenstein,OKC,"$30,000,000","$28,500,000","$28,500,000",,,,"$58,500,000"
51,Jerami Grant,POR,"$29,793,104","$32,000,001","$34,206,898","$36,413,790",,,"$96,000,003"
52,Jordan Poole,WAS,"$29,651,786","$31,848,215","$34,044,642",,,,"$95,544,643"
53,Dejounte Murray,NOP,"$29,517,135","$31,557,103","$33,597,072","$31,619,506",,,"$94,671,310"
54,Devin Vassell,SAS,"$29,347,826","$27,000,000","$27,000,000","$24,652,174","$27,000,000",,"$135,000,000"
55,Kristaps PorziÅÄ£is,BOS,"$29,268,293","$30,731,707",,,,,"$60,000,000"
56,Tyler Herro,MIA,"$29,000,000","$31,000,000","$33,000,000",,,,"$93,000,000"
57,Nic Claxton,BRK,"$27,556,817","$25,352,272","$23,147,727","$20,943,184",,,"$97,000,000"
58,Miles Bridges,CHO,"$27,173,913","$25,000,000","$22,826,087",,,,"$75,000,000"
59,John Collins,UTA,"$26,580,000","$26,580,000",,,,,"$26,580,000"
60,Andrew Wiggins,MIA,"$26,276,786","$28,223,215","$30,169,644",,,,"$54,500,001"
,,,Salary,Salary,Salary,Salary,Salary,Salary,
Rk,Player,Tm,2024-25,2025-26,2026-27,2027-28,2028-29,2029-30,Guaranteed
61,Anfernee Simons,POR,"$25,892,857","$27,678,571",,,,,"$53,571,428"
62,RJ Barrett,TOR,"$25,794,643","$27,705,357","$29,616,071",,,,"$83,116,071"
63,Tobias Harris,DET,"$25,365,854","$26,634,146",,,,,"$52,000,000"
64,Jaren Jackson Jr.,MEM,"$25,257,798","$23,413,395",,,,,"$48,671,193"
65,Jonathan Isaac,ORL,"$25,000,000","$15,000,000","$14,500,000","$14,500,000","$15,000,000",,"$69,000,000"
66,Jalen Brunson,NYK,"$24,960,001","$34,944,001","$37,739,521","$40,535,041","$43,330,561",,"$138,178,564"
67,Terry Rozier,MIA,"$24,924,126","$26,643,031",,,,,"$51,567,157"
68,Kyle Kuzma,MIL,"$24,456,061","$22,410,605","$20,345,152",,,,"$67,211,818"
69,Draymond Green,GSW,"$24,107,143","$25,892,857","$27,678,571",,,,"$77,678,571"
70,DeMar DeRozan,SAC,"$23,400,000","$24,570,000","$25,740,000",,,,"$47,970,000"
71,Mikal Bridges,NYK,"$23,300,000","$24,900,000",,,,,"$48,200,000"
72,Jaden McDaniels,MIN,"$23,017,242","$24,858,622","$26,700,001","$28,541,380","$30,382,755",,"$133,500,000"
73,Bruce Brown,NOP,"$23,000,000",,,,,,"$23,000,000"
74,Brook Lopez,MIL,"$23,000,000",,,,,,"$23,000,000"
75,Aaron Gordon,DEN,"$22,841,455","$22,841,455","$31,978,037","$34,536,280","$37,094,523",,"$112,197,227"
76,Kentavious Caldwell-Pope,ORL,"$22,757,000","$21,621,500","$21,621,500",,,,"$22,757,000"
77,Cameron Johnson,BRK,"$22,500,000","$20,543,478","$22,500,000",,,,"$65,543,478"
78,Malcolm Brogdon,WAS,"$22,500,000",,,,,,"$22,500,000"
79,Clint Capela,ATL,"$22,265,280",,,,,,"$22,265,280"
80,Dillon Brooks,HOU,"$22,255,493","$21,124,110","$19,992,727",,,,"$63,372,330"
,,,Salary,Salary,Salary,Salary,Salary,Salary,
Rk,Player,Tm,2024-25,2025-26,2026-27,2027-28,2028-29,2029-30,Guaranteed
81,De'Andre Hunter,CLE,"$21,696,429","$23,303,571","$24,910,714",,,,"$69,910,714"
82,Lonzo Ball,CHI,"$21,395,348","$10,000,000","$10,000,000",,,,"$31,395,348"
83,Marcus Smart,WAS,"$20,210,284","$21,586,855",,,,,"$41,797,139"
84,Derrick White,BOS,"$20,071,429","$28,100,000","$30,348,000","$32,596,000","$34,844,000",,"$111,115,429"
85,Jarrett Allen,CLE,"$20,000,000","$20,000,000","$28,000,000","$30,240,000","$32,480,000",,"$130,720,000"
86,Nikola VuÄeviÄ,CHI,"$20,000,000","$21,481,481",,,,,"$41,481,481"
87,Myles Turner,IND,"$19,928,500",,,,,,"$19,928,500"
88,Jakob Poeltl,TOR,"$19,500,000","$19,500,000","$19,500,000",,,,"$39,000,000"
89,Duncan Robinson,MIA,"$19,406,000","$19,888,000",,,,,"$29,294,000"
90,Norman Powell,LAC,"$19,241,379","$20,482,758",,,,,"$39,724,137"
91,Bojan BogdanoviÄ,BRK,"$19,032,850",,,,,,"$19,032,850"
92,Keldon Johnson,SAS,"$19,000,000","$17,500,000","$17,500,000",,,,"$54,000,000"
93,D'Angelo Russell,BRK,"$18,692,307",,,,,,"$18,692,307"
94,Collin Sexton,UTA,"$18,350,000","$19,175,000",,,,,"$37,525,000"
95,Josh Hart,NYK,"$18,144,000","$19,472,240","$20,923,760","$22,375,280",,,"$58,540,000"
96,Jusuf NurkiÄ,CHO,"$18,125,000","$19,375,000",,,,,"$37,500,000"
97,Patrick Williams,CHI,"$18,000,000","$18,000,000","$18,000,000","$18,000,000","$18,000,000",,"$72,000,000"
98,Harrison Barnes,SAS,"$18,000,000","$19,000,000",,,,,"$37,000,000"
99,Malik Monk,SAC,"$17,405,203","$18,797,619","$20,190,035","$21,582,451",,,"$56,392,857"
100,Bogdan BogdanoviÄ,LAC,"$17,260,000","$16,020,000","$16,020,000",,,,"$33,280,000"
,,,Salary,Salary,Salary,Salary,Salary,Salary,
Rk,Player,Tm,2024-25,2025-26,2026-27,2027-28,2028-29,2029-30,Guaranteed
101,Rui Hachimura,LAL,"$17,000,000","$18,259,259",,,,,"$35,259,259"
102,Kevin Huerter,CHI,"$16,830,357","$17,991,071",,,,,"$34,821,428"
103,Zach Collins,CHI,"$16,741,200","$18,080,496",,,,,"$34,821,696"
104,Caris LeVert,ATL,"$16,615,384",,,,,,"$16,615,384"
105,Luguentz Dort,OKC,"$16,500,000","$17,722,222","$17,722,222",,,,"$34,222,222"
106,Tim Hardaway Jr.,DET,"$16,193,183",,,,,,"$16,193,183"
107,Klay Thompson,DAL,"$15,873,016","$16,666,667","$17,460,317",,,,"$50,000,000"
108,Deni Avdija,POR,"$15,625,000","$14,375,000","$13,125,000","$11,875,000",,,"$55,000,000"
109,Grayson Allen,PHO,"$15,625,000","$16,875,000","$18,125,000","$19,375,000",,,"$50,625,000"
110,P.J. Washington,DAL,"$15,500,000","$14,152,174",,,,,"$29,652,174"
111,Max Strus,CLE,"$15,212,068","$15,936,452","$16,660,836",,,,"$47,809,356"
112,Isaiah Stewart,DET,"$15,000,000","$15,000,000","$15,000,000","$15,000,000",,,"$45,000,000"
113,Dorian Finney-Smith,LAL,"$14,924,167","$15,378,480",,,,,"$14,924,167"
114,Mitchell Robinson,NYK,"$14,318,182","$12,954,546",,,,,"$27,272,728"
115,Jordan Clarkson,UTA,"$14,092,577","$14,285,714",,,,,"$28,378,291"
116,Onyeka Okongwu,ATL,"$14,000,000","$15,000,000","$16,120,000","$16,880,000",,,"$62,000,000"
117,Naz Reid,MIN,"$13,986,432","$15,022,464",,,,,"$13,986,432"
118,Cade Cunningham,DET,"$13,940,809","$38,661,750","$41,754,690","$44,847,630","$47,940,570","$51,033,510","$238,178,959"
119,Daniel Gafford,DAL,"$13,394,160","$14,386,320",,,,,"$27,780,480"
120,Grant Williams,CHO,"$13,025,250","$13,645,500","$14,265,750",,,,"$40,936,500"
,,,Salary,Salary,Salary,Salary,Salary,Salary,
Rk,Player,Tm,2024-25,2025-26,2026-27,2027-28,2028-29,2029-30,Guaranteed
121,Dennis SchrÃ¶der,DET,"$13,025,250",,,,,,"$13,025,250"
122,Isaiah Joe,OKC,"$12,991,650","$12,362,338","$11,323,006","$11,323,006",,,"$36,676,994"
123,Herbert Jones,NOP,"$12,976,362","$13,937,574","$14,898,786",,,,"$41,812,722"
124,Austin Reaves,LAL,"$12,976,362","$13,937,574","$14,898,786",,,,"$26,913,936"
125,Obi Toppin,IND,"$12,975,000","$14,000,000","$15,000,000","$16,025,000",,,"$58,000,000"
126,Cole Anthony,ORL,"$12,900,000","$13,100,000","$13,100,000",,,,"$12,900,000"
127,De'Anthony Melton,BRK,"$12,822,000",,,,,,"$12,822,000"
128,Kelly Olynyk,NOP,"$12,804,878","$13,445,122",,,,,"$26,250,000"
129,Victor Wembanyama,SAS,"$12,768,960","$13,376,880","$16,868,246",,,,"$26,145,840"
130,Josh Green,CHO,"$12,654,321","$13,666,667","$14,679,012",,,,"$41,000,000"
131,Richaun Holmes,WAS,"$12,648,321","$13,280,737",,,,,"$12,648,321"
132,Steven Adams,HOU,"$12,600,000",,,,,,"$12,600,000"
133,Bobby Portis,MIL,"$12,578,286","$13,445,754",,,,,"$12,578,286"
134,Zaccharie Risacher,ATL,"$12,569,040","$13,197,720","$13,826,040","$17,434,637",,,"$25,766,760"
135,Brandon Clarke,MEM,"$12,500,000","$12,500,000","$12,500,000",,,,"$37,500,000"
136,Marvin Bagley III,MEM,"$12,500,000",,,,,,"$12,500,000"
137,Jalen Green,HOU,"$12,483,048","$33,333,333","$36,000,000","$36,000,000",,,"$81,816,381"
138,Robert Williams,POR,"$12,428,571","$13,285,713",,,,,"$25,714,284"
139,Paolo Banchero,ORL,"$12,160,800","$15,334,769",,,,,"$27,495,569"
140,Coby White,CHI,"$12,000,000","$12,888,889",,,,,"$24,888,889"
,,,Salary,Salary,Salary,Salary,Salary,Salary,
Rk,Player,Tm,2024-25,2025-26,2026-27,2027-28,2028-29,2029-30,Guaranteed
141,Wendell Carter Jr.,ORL,"$11,950,000","$10,850,000","$18,102,000","$19,550,160","$20,998,320",,"$60,452,160"
142,Ivica Zubac,LAC,"$11,743,210","$18,102,000","$19,550,160","$20,998,320",,,"$70,393,690"
143,P.J. Tucker,TOR,"$12,025,777","$3,468,960",,,,,"$11,539,000"
144,Donte DiVincenzo,MIN,"$11,445,000","$11,990,000","$12,535,000",,,,"$35,970,000"
145,Brandon Miller,CHO,"$11,424,600","$11,968,800","$15,104,626",,,,"$23,393,400"
146,Terance Mann,ATL,"$11,423,077","$15,500,000","$15,500,000","$16,000,000",,,"$58,423,077"
147,Alex Sarr,WAS,"$11,245,680","$11,808,240","$12,370,680","$15,611,798",,,"$23,053,920"
148,Evan Mobley,CLE,"$11,227,657","$46,394,100","$50,105,628","$53,817,156","$57,528,684","$51,033,510","$270,106,735"
149,Larry Nance Jr.,ATL,"$11,205,000",,,,,,"$11,205,000"
150,Matisse Thybulle,POR,"$11,025,000","$11,550,000",,,,,"$11,025,000"
151,Aaron Nesmith,IND,"$11,000,000","$11,000,000","$11,000,000",,,,"$33,000,000"
152,Gabe Vincent,LAL,"$11,000,000","$11,500,000",,,,,"$22,500,000"
153,Maxi Kleber,LAL,"$11,000,000","$11,000,000",,,,,"$22,000,000"
154,Moritz Wagner,ORL,"$11,000,000","$11,000,000",,,,,"$11,000,000"
155,Chet Holmgren,OKC,"$10,880,640","$13,731,368",,,,,"$24,612,008"
156,Chris Boucher,TOR,"$10,810,000",,,,,,"$10,810,000"
157,Jarred Vanderbilt,LAL,"$10,714,286","$11,571,429","$12,428,571","$13,285,714",,,"$34,714,286"
158,Aaron Wiggins,OKC,"$10,514,017","$9,672,897","$8,831,776","$7,990,655","$7,990,655",,"$45,000,000"
159,Chris Paul,SAS,"$10,460,000",,,,,,"$10,460,000"
160,Scoot Henderson,POR,"$10,259,160","$10,748,040","$13,585,523",,,,"$21,007,200"
,,,Salary,Salary,Salary,Salary,Salary,Salary,
Rk,Player,Tm,2024-25,2025-26,2026-27,2027-28,2028-29,2029-30,Guaranteed
161,Isaac Okoro,CLE,"$10,185,186","$11,000,000","$11,814,814",,,,"$33,000,000"
162,Scottie Barnes,TOR,"$10,130,980","$38,661,750","$41,754,690","$44,847,630","$47,940,570","$51,033,510","$234,369,130"
163,Reed Sheppard,HOU,"$10,098,960","$10,603,560","$11,108,880","$14,041,625",,,"$20,702,520"
164,Mike Conley,MIN,"$9,975,962","$10,774,038",,,,,"$20,750,000"
165,Jonas ValanÄiÅ«nas,SAC,"$9,900,000","$10,395,000","$10,000,000",,,,"$20,295,000"
166,Alex Caruso,OKC,"$9,890,000","$18,102,000","$19,550,160","$20,998,320","$22,446,480",,"$90,986,960"
167,Jabari Smith Jr.,HOU,"$9,770,880","$12,350,392",,,,,"$22,121,272"
168,Derrick Jones Jr.,LAC,"$9,523,810","$10,000,000","$10,476,190",,,,"$30,000,000"
169,Al Horford,BOS,"$9,500,000",,,,,,"$9,500,000"
170,Pat Connaughton,MIL,"$9,423,869","$9,423,869",,,,,"$18,847,738"
171,Royce O'Neale,PHO,"$9,375,000","$10,125,000","$10,875,000","$11,625,000",,,"$42,000,000"
172,T.J. McConnell,IND,"$9,300,000","$10,200,000","$11,000,000","$11,800,000","$11,800,000",,"$42,300,000"
173,Luke Kennard,MEM,"$9,250,000",,,,,,"$9,250,000"
174,Amen Thompson,HOU,"$9,249,960","$9,690,600","$12,258,609",,,,"$18,940,560"
175,Jalen Suggs,ORL,"$9,188,385","$35,000,000","$32,400,000","$29,600,000","$26,800,000","$26,700,000","$132,988,385"
176,Caleb Martin,DAL,"$9,186,594","$9,594,044","$10,001,493","$9,371,351",,,"$28,782,131"
177,Gary Payton II,GSW,"$9,130,000",,,,,,"$9,130,000"
178,Stephon Castle,SAS,"$9,105,120","$9,560,520","$10,015,920","$12,670,139",,,"$18,665,640"
179,Tre Jones,CHI,"$9,104,167",,,,,,"$9,104,167"
180,Goga Bitadze,ORL,"$9,057,971","$8,333,333","$7,608,696",,,,"$25,000,000"
,,,Salary,Salary,Salary,Salary,Salary,Salary,
Rk,Player,Tm,2024-25,2025-26,2026-27,2027-28,2028-29,2029-30,Guaranteed
181,Zeke Nnaji,DEN,"$8,888,889","$8,177,778","$7,466,667","$7,466,667",,,"$24,533,334"
182,Keegan Murray,SAC,"$8,809,560","$11,144,093",,,,,"$19,953,653"
183,Buddy Hield,GSW,"$8,780,488","$9,219,512","$9,658,536","$10,097,560",,,"$27,658,536"
184,Kyle Anderson,MIA,"$8,780,488","$9,219,512","$9,658,536",,,,"$18,000,000"
185,Naji Marshall,DAL,"$8,571,429","$9,000,000","$9,428,571",,,,"$27,000,000"
186,Jalen Smith,CHI,"$8,571,429","$9,000,000","$9,428,571",,,,"$27,000,000"
187,Georges Niang,ATL,"$8,500,000","$8,200,000",,,,,"$16,700,000"
188,Ausar Thompson,DET,"$8,376,000","$8,775,000","$11,117,925",,,,"$17,151,000"
189,Josh Giddey,CHI,"$8,352,367",,,,,,"$8,352,367"
190,Josh Okogie,CHO,"$8,250,000","$7,750,000",,,,,"$8,250,000"
191,Ron Holland,DET,"$8,245,320","$8,657,280","$9,069,600","$11,491,183",,,"$16,902,600"
192,Cody Martin,PHO,"$8,120,000","$8,680,000",,,,,"$8,120,000"
193,Jock Landale,HOU,"$8,000,000","$8,000,000","$8,000,000",,,,"$16,000,000"
194,Trey Lyles,SAC,"$8,000,000",,,,,,"$8,000,000"
195,Jeff Green,HOU,"$8,000,000",,,,,,"$8,000,000"
196,Kevon Looney,GSW,"$8,000,000",,,,,,"$8,000,000"
197,Kelly Oubre Jr.,PHI,"$7,983,000","$8,382,150",,,,,"$7,983,000"
198,Jaden Ivey,DET,"$7,977,240","$10,107,163",,,,,"$18,084,403"
199,KJ Martin,UTA,"$7,975,000","$8,025,000",,,,,"$7,975,000"
200,Vasilije MiciÄ,PHO,"$7,723,000","$8,109,150",,,,,"$7,723,000"
,,,Salary,Salary,Salary,Salary,Salary,Salary,
Rk,Player,Tm,2024-25,2025-26,2026-27,2027-28,2028-29,2029-30,Guaranteed
201,Simone Fontecchio,DET,"$7,692,308","$8,307,692",,,,,"$16,000,000"
202,Jonathan Kuminga,GSW,"$7,636,307",,,,,,"$7,636,307"
203,Anthony Black,ORL,"$7,607,760","$7,970,280","$10,106,316",,,,"$15,578,040"
204,Jae'Sean Tate,HOU,"$7,565,217",,,,,,"$7,565,217"
205,Gary Harris,ORL,"$7,500,000",,,,,,"$7,500,000"
206,Tidjane SalaÃ¼n,CHO,"$7,488,720","$7,863,240","$8,237,880","$10,445,633",,,"$15,351,960"
207,Bennedict Mathurin,IND,"$7,245,720","$9,187,573",,,,,"$16,433,293"
208,Max Christie,DAL,"$7,142,857","$7,714,286","$8,285,714","$8,857,143",,,"$23,142,857"
209,Franz Wagner,ORL,"$7,007,092","$38,661,750","$41,754,690","$44,847,630","$47,940,570","$51,033,510","$231,245,242"
210,Ayo Dosunmu,CHI,"$7,000,000","$7,518,518",,,,,"$14,518,518"
211,Bilal Coulibaly,WAS,"$6,945,240","$7,275,600","$9,240,012",,,,"$14,220,840"
212,Donovan Clingan,POR,"$6,836,400","$7,178,400","$7,519,920","$9,550,298",,,"$14,014,800"
213,Payton Pritchard,BOS,"$6,696,429","$7,232,143","$7,767,857","$8,303,571",,,"$30,000,000"
214,Kenrich Williams,OKC,"$6,669,000","$7,163,000","$7,163,000",,,,"$13,832,000"
215,Shaedon Sharpe,POR,"$6,614,160","$8,399,983",,,,,"$15,014,143"
216,Jevon Carter,CHI,"$6,500,000","$6,809,524",,,,,"$13,309,524"
217,Davion Mitchell,MIA,"$6,451,077",,,,,,"$6,451,077"
218,Saddiq Bey,WAS,"$6,440,678","$6,118,644","$6,440,678",,,,"$19,000,000"
219,Jarace Walker,IND,"$6,362,520","$6,665,520","$8,478,542",,,,"$13,028,040"
220,Rob Dillingham,MIN,"$6,262,920","$6,576,120","$6,889,320","$8,763,216",,,"$12,839,040"
,,,Salary,Salary,Salary,Salary,Salary,Salary,
Rk,Player,Tm,2024-25,2025-26,2026-27,2027-28,2028-29,2029-30,Guaranteed
221,Dean Wade,CLE,"$6,166,667","$6,623,456",,,,,"$6,166,667"
222,John Konchar,MEM,"$6,165,000","$6,165,000","$6,165,000",,,,"$18,495,000"
223,Ziaire Williams,BRK,"$6,133,005",,,,,,"$6,133,005"
224,Dyson Daniels,ATL,"$6,059,520","$7,707,709",,,,,"$13,767,229"
225,Precious Achiuwa,NYK,"$6,000,000",,,,,,"$6,000,000"
226,Malik Beasley,DET,"$6,000,000",,,,,,"$6,000,000"
227,Chris Duarte,CHI,"$5,893,768",,,,,,"$5,893,768"
228,Taylor Hendricks,UTA,"$5,848,680","$6,127,080","$7,805,900",,,,"$11,975,760"
229,Moses Moody,GSW,"$5,803,269","$11,574,075","$12,500,000","$13,425,925",,,"$43,303,269"
230,Zach Edey,MEM,"$5,756,880","$6,045,000","$6,332,760","$8,067,937",,,"$11,801,880"
231,Corey Kispert,WAS,"$5,705,887","$13,975,000","$13,975,000","$13,050,000","$13,050,000",,"$46,705,887"
232,Jeremy Sochan,SAS,"$5,570,040","$7,096,231",,,,,"$12,666,271"
233,Cason Wallace,OKC,"$5,555,880","$5,820,240","$7,420,806",,,,"$11,376,120"
234,Cody Williams,UTA,"$5,469,120","$5,742,480","$6,015,600","$7,669,890",,,"$11,211,600"
235,Alperen ÅengÃ¼n,HOU,"$5,424,654","$33,944,954","$35,642,202","$37,339,450","$39,036,697","$39,036,697","$151,387,957"
236,Johnny Davis,MEM,"$5,291,160",,,,,,"$5,291,160"
237,Jett Howard,ORL,"$5,278,320","$5,529,720","$7,337,939",,,,"$10,808,040"
238,DÄvis BertÄns,CHO,"$5,250,000",,,,,,"$5,250,000"
239,Haywood Highsmith,MIA,"$5,200,000","$5,616,000",,,,,"$10,816,000"
240,Matas Buzelis,CHI,"$5,195,520","$5,455,560","$5,715,360","$7,584,283",,,"$10,651,080"
,,,Salary,Salary,Salary,Salary,Salary,Salary,
Rk,Player,Tm,2024-25,2025-26,2026-27,2027-28,2028-29,2029-30,Guaranteed
241,Kris Dunn,LAC,"$5,168,000","$5,426,400","$5,684,800",,,,"$10,594,400"
242,Dario Å ariÄ,DEN,"$5,168,000","$5,426,400",,,,,"$5,168,000"
243,Trey Murphy III,NOP,"$5,159,854","$25,000,000","$27,000,000","$29,000,000","$31,000,000",,"$117,159,854"
244,Ousmane Dieng,OKC,"$5,027,040","$6,670,882",,,,,"$11,697,922"
245,Dereck Lively II,DAL,"$5,014,560","$5,253,360","$7,239,131",,,,"$10,267,920"
246,Nick Richards,PHO,"$5,000,000","$5,000,000",,,,,"$5,000,000"
247,Andre Drummond,PHI,"$5,000,000","$5,000,000",,,,,"$5,000,000"
248,Drew Eubanks,LAC,"$5,000,000","$4,750,000",,,,,"$5,000,000"
249,Nikola TopiÄ,OKC,"$4,935,960","$5,182,920","$5,429,760","$7,482,210",,,"$10,118,880"
250,Tre Mann,CHO,"$4,908,373",,,,,,"$4,908,373"
251,Jalen Williams,OKC,"$4,775,760","$6,580,997",,,,,"$11,356,757"
252,Gradey Dick,TOR,"$4,763,760","$4,990,560","$7,131,511",,,,"$9,754,320"
253,Jalen McDaniels,SAS,"$4,861,772",,,,,,"$4,741,800"
254,Miles McBride,NYK,"$4,710,144","$4,333,333","$3,956,523",,,,"$13,000,000"
255,Devin Carter,SAC,"$4,689,000","$4,923,720","$5,158,080","$7,370,897",,,"$9,612,720"
256,Nicolas Batum,LAC,"$4,668,000","$4,901,400",,,,,"$4,668,000"
257,Aaron Holiday,HOU,"$4,668,000","$4,901,400",,,,,"$4,668,000"
258,Jalen Duren,DET,"$4,536,840","$6,483,144",,,,,"$11,019,984"
259,Jordan Hawkins,NOP,"$4,525,680","$4,741,320","$7,021,895",,,,"$9,267,000"
260,Jalen Johnson,ATL,"$4,510,905","$30,000,000","$30,000,000","$30,000,000","$30,000,000","$30,000,000","$154,510,905"
,,,Salary,Salary,Salary,Salary,Salary,Salary,
Rk,Player,Tm,2024-25,2025-26,2026-27,2027-28,2028-29,2029-30,Guaranteed
261,Bub Carrington,WAS,"$4,454,880","$4,677,600","$4,900,560","$7,257,730",,,"$9,132,480"
262,Isaiah Jackson,IND,"$4,435,381",,,,,,"$4,435,381"
263,Nickeil Alexander-Walker,MIN,"$4,312,500",,,,,,"$4,312,500"
264,Ochai Agbaji,TOR,"$4,310,280","$6,383,525",,,,,"$10,693,805"
265,Kobe Bufkin,ATL,"$4,299,000","$4,503,720","$6,904,203",,,,"$8,802,720"
266,Quentin Grimes,PHI,"$4,296,682",,,,,,"$4,296,682"
267,Kel'el Ware,MIA,"$4,231,800","$4,443,360","$4,654,920","$7,135,992",,,"$8,675,160"
268,Bones Hyland,ATL,"$4,158,439",,,,,,"$4,158,439"
269,Mark Williams,CHO,"$4,094,280","$6,276,531",,,,,"$10,370,811"
270,Keyonte George,UTA,"$4,084,200","$4,278,960","$6,563,925",,,,"$8,363,160"
271,Cam Thomas,BRK,"$4,041,249",,,,,,"$4,041,249"
272,Jared McCain,PHI,"$4,020,360","$4,221,360","$4,422,600","$6,784,268",,,"$8,241,720"
273,Jaden Springer,HOU,"$4,772,772","$2,349,578","$2,667,944",,,,"$4,018,363"
274,Dwight Powell,DAL,"$4,000,000","$4,000,000",,,,,"$4,000,000"
275,Day'Ron Sharpe,BRK,"$3,989,122",,,,,,"$3,989,122"
276,Santi Aldama,MEM,"$3,960,531",,,,,,"$3,960,531"
277,Amir Coffey,LAC,"$3,938,271",,,,,,"$3,938,271"
278,Jalen Hood-Schifino,UTA,"$3,879,840",,,,,,"$3,879,840"
279,Kevin Love,MIA,"$3,850,000","$4,150,000",,,,,"$8,000,000"
280,Dalton Knecht,LAL,"$3,819,120","$4,010,160","$4,201,080","$6,452,860",,,"$7,829,280"
,,,Salary,Salary,Salary,Salary,Salary,Salary,
Rk,Player,Tm,2024-25,2025-26,2026-27,2027-28,2028-29,2029-30,Guaranteed
281,Tari Eason,HOU,"$3,695,160","$5,675,766",,,,,"$9,370,926"
282,Jaime Jaquez Jr.,MIA,"$3,685,800","$3,861,600","$5,939,141",,,,"$7,547,400"
283,Tristan Da Silva,ORL,"$3,628,440","$3,809,520","$3,991,200","$6,138,466",,,"$7,437,960"
284,Brandin Podziemski,GSW,"$3,519,960","$3,687,960","$5,679,459",,,,"$7,207,920"
285,Dalen Terry,CHI,"$3,510,480","$5,399,118",,,,,"$8,909,598"
286,Svi Mykhailiuk,UTA,"$3,500,000","$3,675,000","$3,850,000","$4,025,000",,,"$3,500,000"
287,Cody Zeller,HOU,"$3,500,000",,,,,,"$3,500,000"
288,Ja'Kobe Walter,TOR,"$3,465,000","$3,638,160","$3,811,800","$5,870,172",,,"$7,103,160"
289,Cam Whitmore,HOU,"$3,379,080","$3,539,760","$5,458,310",,,,"$6,918,840"
290,Jake LaRavia,SAC,"$3,352,680","$5,163,127",,,,,"$3,352,680"
291,Jaylon Tyson,CLE,"$3,326,160","$3,492,480","$3,658,560","$5,641,500",,,"$6,818,640"
292,Eric Gordon,PHI,"$3,303,771","$3,468,960",,,,,"$3,303,771"
293,Russell Westbrook,DEN,"$5,631,296","$3,468,960",,,,,"$3,303,771"
294,Noah Clowney,BRK,"$3,244,080","$3,398,640","$5,414,034",,,,"$6,642,720"
295,Malaki Branham,SAS,"$3,217,920","$4,962,033",,,,,"$8,179,953"
296,Yves Missi,NOP,"$3,193,200","$3,353,040","$3,512,760","$5,595,827",,,"$6,546,240"
297,Dante Exum,DAL,"$3,150,000",,,,,,"$3,150,000"
298,Dariq Whitehead,BRK,"$3,114,240","$3,262,560","$5,366,912",,,,"$6,376,800"
299,Nassir Little,PHO,"$3,107,143","$3,107,143","$3,107,143","$3,107,143","$3,107,143",,"$15,535,715"
300,Christian Braun,DEN,"$3,089,640","$4,921,797",,,,,"$8,011,437"
,,,Salary,Salary,Salary,Salary,Salary,Salary,
Rk,Player,Tm,2024-25,2025-26,2026-27,2027-28,2028-29,2029-30,Guaranteed
301,Johnny Juzang,UTA,"$3,087,519","$2,840,518","$2,708,000","$2,789,215",,,"$3,087,519"
302,DaRon Holmes,DEN,"$3,065,640","$3,218,760","$3,372,120","$5,547,138",,,"$6,284,400"
303,Josh Richardson,UTA,"$3,051,153",,,,,,"$3,051,153"
304,Christian Wood,LAL,"$3,036,040",,,,,,"$3,036,040"
305,Kyle Filipowski,UTA,"$3,000,000","$3,000,000","$3,000,000","$3,000,000",,,"$6,000,000"
306,Julian Champagnie,SAS,"$3,000,000","$3,000,000","$3,000,000",,,,"$3,000,000"
307,Ajay Mitchell,OKC,"$3,000,000","$3,000,000",,,,,"$3,000,000"
308,Kris Murray,POR,"$2,990,040","$3,132,000","$5,315,004",,,,"$6,122,040"
309,Walker Kessler,UTA,"$2,965,920","$4,878,938",,,,,"$7,844,858"
310,Shake Milton,LAL,"$2,875,000","$3,000,000","$3,287,406",,,,"$9,162,406"
311,Olivier-Maxence Prosper,DAL,"$2,870,400","$3,007,080","$5,259,383",,,,"$5,877,480"
312,David Roddy,ATL,"$2,967,212",,,,,,"$2,847,240"
313,Torrey Craig,CHI,"$3,625,162",,,,,,"$2,845,342"
314,Kyshawn George,WAS,"$2,825,520","$2,966,760","$3,108,000","$5,435,892",,,"$5,792,280"
315,AJ Johnson,WAS,"$2,795,294","$3,090,480","$3,237,120","$5,493,394",,,"$5,885,774"
316,Marcus Sasser,DET,"$2,755,080","$2,886,720","$5,198,983",,,,"$5,641,800"
317,Dewayne Dedmon,DET,"$2,748,674",,,,,,"$2,748,674"
318,MarJon Beauchamp,LAC,"$2,733,720",,,,,,"$2,733,720"
319,Trendon Watford,BRK,"$2,726,603",,,,,,"$2,726,603"
320,Ben Sheppard,IND,"$2,663,880","$2,790,720","$5,031,669",,,,"$5,454,600"
,,,Salary,Salary,Salary,Salary,Salary,Salary,
Rk,Player,Tm,2024-25,2025-26,2026-27,2027-28,2028-29,2029-30,Guaranteed
321,Keita Bates-Diop,MIN,"$2,654,644",,,,,,"$2,654,644"
322,Blake Wesley,SAS,"$2,624,280","$4,726,328",,,,,"$7,350,608"
323,Dillon Jones,OKC,"$2,622,360","$2,753,280","$2,884,440","$5,200,646",,,"$5,375,640"
324,Nick Smith Jr.,CHO,"$2,587,200","$2,710,680","$4,890,067",,,,"$5,297,880"
325,Brice Sensabaugh,UTA,"$2,571,480","$2,693,760","$4,862,237",,,,"$5,265,240"
326,Ty Jerome,CLE,"$2,560,975",,,,,,"$2,560,975"
327,Julian Strawther,DEN,"$2,552,520","$2,674,200","$4,826,931",,,,"$5,226,720"
328,Terrence Shannon Jr.,MIN,"$2,546,640","$2,674,080","$2,801,640","$5,054,159",,,"$5,220,720"
329,Wendell Moore Jr.,DET,"$2,537,040",,,,,,"$2,537,040"
330,Kobe Brown,LAC,"$2,533,920","$2,654,880","$4,792,059",,,,"$5,188,800"
331,Ryan Dunn,PHO,"$2,530,800","$2,657,760","$2,784,240","$5,025,553",,,"$5,188,560"
332,Isaiah Collier,UTA,"$2,512,680","$2,638,200","$2,763,960","$4,988,948",,,"$5,150,880"
333,Baylor Scheierman,BOS,"$2,494,320","$2,619,000","$2,744,040","$4,952,993",,,"$10,191,353"
334,Paul Reed,DET,"$3,913,234",,,,,,"$3,913,234"
335,Nikola JoviÄ,MIA,"$2,464,200","$4,445,417",,,,,"$6,909,617"
336,Cam Reddish,LAL,"$2,463,946",,,,,,"$2,463,946"
337,Jaxson Hayes,LAL,"$2,463,946",,,,,,"$2,463,946"
338,Patrick Baldwin Jr.,SAS,"$2,448,840",,,,,,"$2,448,840"
339,DaQuan Jeffries,CHO,"$2,425,404","$2,743,776","$3,080,918",,,,"$2,425,404"
340,Peyton Watson,DEN,"$2,413,560","$4,356,476",,,,,"$6,770,036"
,,,Salary,Salary,Salary,Salary,Salary,Salary,
Rk,Player,Tm,2024-25,2025-26,2026-27,2027-28,2028-29,2029-30,Guaranteed
341,Kevin Porter Jr.,MIL,"$3,366,937","$2,546,675",,,,,"$2,366,937"
342,Russell Westbrook,UTA,"$5,631,296","$3,468,960",,,,,"$2,327,525"
343,Charlie Brown Jr.,CHO,"$2,237,692",,,,,,"$2,237,692"
344,Xavier Tillman Sr.,BOS,"$2,237,691","$2,546,675",,,,,"$4,784,366"
345,Anthony Gill,WAS,"$2,237,691","$2,546,675",,,,,"$2,237,691"
346,James Wiseman,TOR,"$2,237,691",,,,,,"$2,237,691"
347,Garrison Mathews,ATL,"$2,230,253",,,,,,"$2,230,253"
348,JaVale McGee,DAL,"$2,208,856","$2,208,856","$2,208,856","$2,208,856",,,"$8,835,424"
349,Jeremiah Robinson-Earl,NOP,"$2,196,970",,,,,,"$2,196,970"
350,Lindy Waters III,DET,"$2,196,970",,,,,,"$2,196,970"
351,Dalano Banton,POR,"$2,196,970",,,,,,"$2,019,706"
352,Sam Merrill,CLE,"$2,164,993",,,,,,"$2,164,993"
353,Duane Washington Jr.,CHO,"$2,162,607",,,,,,"$2,162,607"
354,Luka Garza,MIN,"$2,162,606","$2,349,578",,,,,"$2,162,606"
355,Keon Johnson,BRK,"$2,162,606","$2,349,578",,,,,"$2,162,606"
356,Neemias Queta,BOS,"$2,162,606","$2,349,578","$2,667,944",,,,"$2,162,606"
357,Vit Krejci,ATL,"$2,162,606","$2,349,578","$2,667,944","$3,005,085",,,"$2,162,606"
358,Vince Williams Jr.,MEM,"$2,120,693","$2,301,587","$2,489,752",,,,"$4,422,280"
359,Colby Jones,WAS,"$2,120,693","$2,221,677","$2,406,205",,,,"$2,120,693"
360,Keon Ellis,SAC,"$2,120,693","$2,301,587",,,,,"$2,120,693"
,,,Salary,Salary,Salary,Salary,Salary,Salary,
Rk,Player,Tm,2024-25,2025-26,2026-27,2027-28,2028-29,2029-30,Guaranteed
361,A.J. Green,MIL,"$2,120,693","$2,301,587",,,,,"$2,120,693"
362,Sam Hauser,BOS,"$2,092,344","$10,044,644","$10,848,215","$11,651,785","$12,455,356",,"$47,092,344"
363,Jericho Sims,MIL,"$2,092,344",,,,,,"$2,092,344"
364,Jay Huff,MEM,"$2,088,033","$2,349,578","$2,667,944","$3,005,085",,,"$4,437,611"
365,Tyler Kolek,NYK,"$2,087,519","$2,191,897","$2,296,271","$2,486,995",,,"$6,575,687"
366,Scotty Pippen Jr.,MEM,"$2,087,519","$2,270,735","$2,461,462","$2,789,215",,,"$4,358,254"
367,Reggie Jackson,WAS,"$4,033,748",,,,,,"$2,087,519"
368,Alex Len,WAS,"$2,831,348",,,,,,"$2,087,519"
369,Mo Bamba,UTA,"$2,207,491",,,,,,"$2,087,519"
370,Garrett Temple,TOR,"$2,087,519",,,,,,"$2,087,519"
371,Charles Bassey,SAS,"$2,087,519","$2,500,000",,,,,"$2,087,519"
372,Jordan McLaughlin,SAS,"$2,087,519",,,,,,"$2,087,519"
373,Sandro Mamukelashvili,SAS,"$2,087,519",,,,,,"$2,087,519"
374,Doug McDermott,SAC,"$2,087,519",,,,,,"$2,087,519"
375,Tyus Jones,PHO,"$2,087,519",,,,,,"$2,087,519"
376,Bol Bol,PHO,"$2,087,519",,,,,,"$2,087,519"
377,Monte Morris,PHO,"$2,087,519",,,,,,"$2,087,519"
378,Mason Plumlee,PHO,"$2,087,519",,,,,,"$2,087,519"
379,Damion Lee,PHO,"$2,087,519",,,,,,"$2,087,519"
380,Guerschon Yabusele,PHI,"$2,087,519",,,,,,"$2,087,519"
,,,Salary,Salary,Salary,Salary,Salary,Salary,
Rk,Player,Tm,2024-25,2025-26,2026-27,2027-28,2028-29,2029-30,Guaranteed
381,Kyle Lowry,PHI,"$2,087,519",,,,,,"$2,087,519"
382,Daniel Theis,OKC,"$2,087,519",,,,,,"$2,087,519"
383,Cameron Payne,NYK,"$2,087,519",,,,,,"$2,087,519"
384,Delon Wright,NYK,"$2,087,519",,,,,,"$2,087,519"
385,Joe Ingles,MIN,"$2,087,519",,,,,,"$2,087,519"
386,Gary Trent Jr.,MIL,"$2,087,519",,,,,,"$2,087,519"
387,Taurean Prince,MIL,"$2,087,519",,,,,,"$2,087,519"
388,Alec Burks,MIA,"$2,087,519",,,,,,"$2,087,519"
389,Markieff Morris,LAL,"$2,087,519",,,,,,"$2,087,519"
390,Patty Mills,LAC,"$2,087,519",,,,,,"$2,087,519"
391,James Johnson,IND,"$2,087,519",,,,,,"$2,087,519"
392,Thomas Bryant,IND,"$2,087,519",,,,,,"$2,087,519"
393,DeAndre Jordan,DEN,"$2,087,519",,,,,,"$2,087,519"
394,Vlatko ÄanÄar,DEN,"$2,087,519",,,,,,"$2,087,519"
395,Spencer Dinwiddie,DAL,"$2,087,519",,,,,,"$2,087,519"
396,Tristan Thompson,CLE,"$2,087,519",,,,,,"$2,087,519"
397,Seth Curry,CHO,"$2,087,519",,,,,,"$2,087,519"
398,Taj Gibson,CHO,"$2,087,519",,,,,,"$2,087,519"
399,Talen Horton-Tucker,CHI,"$2,087,519",,,,,,"$2,087,519"
400,Luke Kornet,BOS,"$2,087,519",,,,,,"$2,087,519"
,,,Salary,Salary,Salary,Salary,Salary,Salary,
Rk,Player,Tm,2024-25,2025-26,2026-27,2027-28,2028-29,2029-30,Guaranteed
401,Duop Reath,POR,"$2,048,780","$2,221,677",,,,,"$2,048,780"
402,Andrew Nembhard,IND,"$2,019,699","$18,102,000","$19,550,160","$20,998,320",,,"$60,670,179"
403,Jaden Hardy,DAL,"$2,019,699","$6,000,000","$6,000,000","$6,000,000",,,"$14,019,699"
404,Jabari Walker,POR,"$2,019,699",,,,,,"$2,019,699"
405,Caleb Houstan,ORL,"$2,019,699","$2,187,699",,,,,"$2,019,699"
406,Jaylin Williams,OKC,"$2,019,699","$2,187,451",,,,,"$2,019,699"
407,Josh Minott,MIN,"$2,019,699","$2,187,451",,,,,"$2,019,699"
408,Kennedy Chandler,MEM,"$2,019,699",,,,,,"$2,019,699"
409,Jose Alvarado,NOP,"$1,988,598","$4,500,000","$4,500,000",,,,"$6,488,598"
410,Reggie Jackson,CHO,"$4,033,748",,,,,,"$1,946,229"
411,Ricky Council IV,PHI,"$1,891,857","$2,221,677","$2,406,205",,,,"$4,113,534"
412,GG Jackson II,MEM,"$1,891,857","$2,221,677","$2,406,205",,,,"$4,113,534"
413,Jalen Pickett,DEN,"$1,891,857","$2,221,677","$2,406,205",,,,"$4,113,534"
414,Hunter Tyson,DEN,"$1,891,857","$2,221,677","$2,406,205",,,,"$4,113,534"
415,Julian Phillips,CHI,"$1,891,857","$2,221,677","$2,406,205",,,,"$4,113,534"
416,Jordan Walsh,BOS,"$1,891,857","$2,221,677","$2,406,205",,,,"$2,091,857"
417,Sidy Cissoko,WAS,"$1,891,857",,,,,,"$1,891,857"
418,Toumani Camara,POR,"$1,891,857","$2,221,677","$2,406,205",,,,"$1,891,857"
419,Rayan Rupert,POR,"$1,891,857","$2,221,677",,,,,"$1,891,857"
420,Leonard Miller,MIN,"$1,891,857","$2,221,677","$2,406,205",,,,"$1,891,857"
,,,Salary,Salary,Salary,Salary,Salary,Salary,
Rk,Player,Tm,2024-25,2025-26,2026-27,2027-28,2028-29,2029-30,Guaranteed
421,Chris Livingston,MIL,"$1,891,857","$2,221,677","$2,406,205",,,,"$1,891,857"
422,Andre Jackson Jr.,MIL,"$1,891,857","$2,221,677","$2,406,205",,,,"$1,891,857"
423,Trayce Jackson-Davis,GSW,"$1,891,857","$2,221,677","$2,406,205",,,,"$1,891,857"
424,Gui Santos,GSW,"$1,891,857","$2,221,677",,,,,"$1,891,857"
425,Craig Porter Jr.,CLE,"$1,891,857","$2,221,677","$2,406,205",,,,"$1,891,857"
426,Maxwell Lewis,BRK,"$1,891,857","$2,221,677","$2,406,205",,,,"$1,891,857"
427,Jalen Wilson,BRK,"$1,891,857","$2,221,677",,,,,"$1,891,857"
428,Mouhamed Gueye,ATL,"$1,891,857","$2,221,677","$2,406,205",,,,"$1,891,857"
429,Jonathan Mogbo,TOR,"$1,862,265","$1,955,377","$2,296,271",,,,"$3,817,642"
430,Jamal Shead,TOR,"$1,862,265","$1,955,377","$2,296,271",,,,"$3,817,642"
431,Johnny Furphy,IND,"$1,850,842","$1,955,377","$2,296,271","$2,486,995",,,"$6,102,490"
432,Pacome Dadiet,NYK,"$1,808,080","$2,847,600","$2,983,680","$5,373,608",,,"$4,655,680"
433,Justin Champagnie,WAS,"$1,800,000","$2,349,578","$2,667,944","$3,005,085",,,"$6,817,522"
434,Javonte Green,NOP,"$2,328,350",,,,,,"$1,728,488"
435,Jae Crowder,SAC,"$1,655,619",,,,,,"$1,655,619"
436,Paul Reed,DET,"$3,913,234",,,,,,"$3,913,234"
437,Karlo MatkoviÄ,NOP,"$1,407,153","$1,955,377","$2,296,271",,,,"$3,362,530"
438,Landry Shamet,NYK,"$1,343,690",,,,,,"$1,343,690"
439,Eric Bledsoe,POR,"$1,300,000",,,,,,"$1,300,000"
440,Bobi Klintman,DET,"$1,257,153","$1,955,377","$2,296,271","$2,486,995",,,"$3,212,530"
,,,Salary,Salary,Salary,Salary,Salary,Salary,
Rk,Player,Tm,2024-25,2025-26,2026-27,2027-28,2028-29,2029-30,Guaranteed
441,Tyler Smith,MIL,"$1,157,153","$1,955,377","$2,296,271","$2,486,995",,,"$5,408,801"
442,Oso Ighodaro,PHO,"$1,157,153","$1,955,377","$2,296,271","$2,486,995",,,"$3,112,530"
443,Jaylen Wells,MEM,"$1,157,153","$1,955,377","$2,296,271","$2,486,995",,,"$3,112,530"
444,Bronny James,LAL,"$1,157,153","$1,955,377","$2,296,271","$2,486,995",,,"$3,112,530"
445,Cam Christie,LAC,"$1,157,153","$1,955,377","$2,296,271","$2,486,995",,,"$3,112,530"
446,Adem Bona,PHI,"$1,157,153","$1,955,377","$2,296,271","$2,486,995",,,"$1,157,153"
447,Antonio Reeves,NOP,"$1,157,153","$1,955,377","$2,296,271",,,,"$1,157,153"
448,Pelle Larsson,MIA,"$1,157,153","$1,955,377","$2,296,271",,,,"$1,157,153"
449,Bruno Fernando,TOR,"$1,115,128",,,,,,"$1,115,128"
450,Ariel Hukporti,NYK,"$1,064,049","$1,955,377",,,,,"$1,064,049"
451,PJ Dozier,MIN,"$1,051,255",,,,,,"$1,051,255"
452,Jordan Miller,LAC,"$1,050,000","$2,191,897","$2,378,864","$2,573,347",,,"$1,050,000"
453,Jamison Battle,TOR,"$1,000,000","$1,955,377","$2,296,271",,,,"$1,000,000"
454,Kevin Porter Jr.,OKC,"$3,366,937","$2,546,675",,,,,"$1,000,000"
455,Joshua Primo,LAC,"$1,000,000",,,,,,"$1,000,000"
456,Orlando Robinson,SAC,"$1,691,610",,,,,,"$959,779"
457,Moussa DiabatÃ©,CHO,"$957,763","$2,270,735","$2,461,462",,,,"$957,763"
458,Lonnie Walker IV,PHI,"$780,932","$2,940,876",,,,,"$780,932"
459,Torrey Craig,BOS,"$3,625,162",,,,,,"$779,820"
460,Ben Simmons,LAC,"$40,011,909",,,,,,"$755,826"
,,,Salary,Salary,Salary,Salary,Salary,Salary,
Rk,Player,Tm,2024-25,2025-26,2026-27,2027-28,2028-29,2029-30,Guaranteed
461,Jared Butler,PHI,"$745,726","$2,349,578",,,,,"$745,726"
462,Alex Len,LAL,"$2,831,348",,,,,,"$743,829"
463,Markelle Fultz,SAC,"$731,831",,,,,,"$731,831"
464,Keshad Johnson,MIA,"$724,883","$1,955,377",,,,,"$724,883"
465,E.J. Liddell,PHO,"$706,898","$706,898","$706,898",,,,"$2,120,694"
466,Nik Stauskas,IND,"$702,310",,,,,,"$702,310"
467,Tyrese Martin,BRK,"$635,853","$2,191,897",,,,,"$635,853"
468,Jaden Springer,UTA,"$4,772,772","$2,349,578","$2,667,944",,,,"$754,409"
469,Matt Ryan,NYK,"$621,439",,,,,,"$621,439"
470,Ryan Rollins,WAS,"$1,091,887",,,,,,"$600,000"
471,Javonte Green,CLE,"$2,328,350",,,,,,"$599,862"
472,Brandon Boston Jr.,NOP,"$596,581","$2,349,578",,,,,"$596,581"
473,Juwan Morgan,IND,"$576,229",,,,,,"$576,229"
474,Malik Fitts,IND,"$555,216",,,,,,"$555,216"
475,Jeenathan Williams,HOU,"$515,881","$2,270,735","$2,461,462","$2,789,215",,,"$515,881"
476,Bismack Biyombo,SAS,"$647,851",,,,,,"$791,818"
477,Jaylen Clark,MIN,"$492,323","$2,191,897",,,,,"$2,684,220"
478,Dominick Barlow,ATL,"$491,887","$2,270,735",,,,,"$2,762,622"
479,Orlando Robinson,TOR,"$1,691,610",,,,,,"$731,831"
480,Ryan Rollins,MIL,"$1,091,887",,,,,,"$491,887"
,,,Salary,Salary,Salary,Salary,Salary,Salary,
Rk,Player,Tm,2024-25,2025-26,2026-27,2027-28,2028-29,2029-30,Guaranteed
481,Mamadi Diakite,MEM,"$464,050","$464,050","$464,050",,,,"$1,392,150"
482,Quinten Post,GSW,"$438,920","$1,955,377",,,,,"$438,920"
483,Pat Spencer,GSW,"$438,810",,,,,,"$438,810"
484,Justin Edwards,PHI,"$425,619","$1,955,377",,,,,"$425,619"
485,Ricky Rubio,CLE,"$424,672","$424,672","$424,672",,,,"$1,274,016"
486,Lamar Stevens,MEM,"$623,856",,,,,,"$623,856"
487,Branden Carlson,OKC,"$496,519",,,,,,"$496,519"
488,Tony Bradley,IND,"$600,545","$2,940,876",,,,,"$600,545"
489,Moses Brown,IND,"$426,632",,,,,,"$306,660"
490,Jaylen Nowell,NOP,"$446,743",,,,,,"$278,782"
491,Elfrid Payton,NOP,"$789,048","$3,153,598",,,,,"$549,104"
492,Didi Louzada,POR,"$268,032","$268,032","$268,032","$268,032","$268,032",,"$1,340,160"
493,Kevin Knox,GSW,"$503,883",,,,,,"$503,883"
494,AJ Griffin,HOU,"$250,000",,,,,,"$250,000"
495,P.J. Tucker,NYK,"$12,025,777","$3,468,960",,,,,"$486,777"
496,Jordan Goodwin,LAL,"$223,718","$2,349,578",,,,,"$223,718"
497,Jaylen Nowell,WAS,"$446,743",,,,,,"$167,961"
498,Isaac Jones,SAC,"$152,957","$1,955,377",,,,,"$152,957"
499,Tony Bradley,IND,"$600,545","$2,940,876",,,,,"$600,545"
500,Bismack Biyombo,SAS,"$647,851",,,,,,"$791,818"
,,,Salary,Salary,Salary,Salary,Salary,Salary,
Rk,Player,Tm,2024-25,2025-26,2026-27,2027-28,2028-29,2029-30,Guaranteed
501,Bismack Biyombo,SAS,"$647,851",,,,,,"$791,818"
502,Malevy Leons,OKC,"$126,356",,,,,,"$126,356"
503,Jaden Springer,UTA,"$4,772,772","$2,349,578","$2,667,944",,,,"$754,409"
504,Orlando Robinson,TOR,"$1,691,610",,,,,,"$731,831"
505,Orlando Robinson,TOR,"$1,691,610",,,,,,"$731,831"
506,Lamar Stevens,MEM,"$623,856",,,,,,"$623,856"
507,Lamar Stevens,MEM,"$623,856",,,,,,"$623,856"
508,Tony Bradley,IND,"$600,545","$2,940,876",,,,,"$600,545"
509,Elfrid Payton,NOP,"$789,048","$3,153,598",,,,,"$549,104"
510,Elfrid Payton,NOP,"$789,048","$3,153,598",,,,,"$549,104"
511,Kevin Knox,GSW,"$503,883",,,,,,"$503,883"
512,Kevin Knox,GSW,"$503,883",,,,,,"$503,883"
513,P.J. Tucker,NYK,"$12,025,777","$3,468,960",,,,,"$486,777"
514,P.J. Tucker,NYK,"$12,025,777","$3,468,960",,,,,"$486,777"
515,Chuma Okeke,PHI,"$355,687","$2,546,675",,,,,"$239,944"
516,Chuma Okeke,PHI,"$355,687","$2,546,675",,,,,"$239,944"
517,Elfrid Payton,CHO,"$789,048","$3,153,598",,,,,"$239,944"
518,Elfrid Payton,CHO,"$789,048","$3,153,598",,,,,"$239,944"
519,Cole Swider,TOR,"$227,947",,,,,,"$227,947"
520,Jalen McDaniels,WAS,"$4,861,772",,,,,,"$119,972"
,,,Salary,Salary,Salary,Salary,Salary,Salary,
Rk,Player,Tm,2024-25,2025-26,2026-27,2027-28,2028-29,2029-30,Guaranteed
521,Jared Rhoden,TOR,"$119,972",,,,,,"$119,972"
522,Eugene Omoruyi,TOR,"$119,972",,,,,,"$119,972"
523,Terry Taylor,SAC,"$119,972",,,,,,"$119,972"
524,Skal LabissiÃ¨re,SAC,"$119,972",,,,,,"$119,972"
525,Daishen Nix,SAC,"$119,972",,,,,,"$119,972"
526,Oshae Brissett,PHI,"$119,972",,,,,,"$119,972"
527,David Roddy,PHI,"$2,967,212",,,,,,"$119,972"
528,Mo Bamba,NOP,"$2,207,491",,,,,,"$119,972"
529,Jahlil Okafor,IND,"$119,972",,,,,,"$119,972"
530,Moses Brown,DAL,"$426,632",,,,,,"$119,972"
531,Malachi Flynn,CHO,"$119,972",,,,,,"$119,972"
532,Killian Hayes,BRK,"$119,972",,,,,,"$119,972"
533,Kevon Harris,ATL,"$119,972",,,,,,"$119,972"
534,Chuma Okeke,CLE,"$355,687","$2,546,675",,,,,"$115,743"
535,Drew Timme,BRK,"$113,055","$1,955,377",,,,,"$113,055"
536,Cole Swider,TOR,"$227,947",,,,,,"$227,947"
537,Colin Castleton,TOR,"$421,081","$2,191,897",,,,,"$2,505,951"
538,Colin Castleton,TOR,"$421,081","$2,191,897",,,,,"$2,505,951"
539,Colin Castleton,PHI,"$421,081","$2,191,897",,,,,"$107,027"
540,Marcus Garrett,CHO,"$107,027",,,,,,"$107,027"
,,,Salary,Salary,Salary,Salary,Salary,Salary,
Rk,Player,Tm,2024-25,2025-26,2026-27,2027-28,2028-29,2029-30,Guaranteed
541,Colin Castleton,TOR,"$421,081","$2,191,897",,,,,"$2,505,951"
542,Javon Freeman-Liberty,TOR,"$100,000",,,,,,"$100,000"
543,A.J. Lawson,TOR,"$100,000","$2,270,735",,,,,"$100,000"
544,Marcus Bagley,PHI,"$126,356",,,,,,"$126,356"
545,Kylor Kelley,NOP,"$73,153",,,,,,"$73,153"
546,Jaylen Sims,CHO,"$73,153",,,,,,"$73,153"
547,Erik Stevenson,WAS,"$66,503",,,,,,"$66,503"
548,Phillip Wheeler,PHI,"$66,503",,,,,,"$66,503"
549,Yuri Collins,GSW,"$66,503",,,,,,"$66,503"
550,Nae'Qwan Tomlin,CLE,"$66,503",,,,,,"$66,503"
551,Branden Carlson,OKC,"$496,519",,,,,,"$496,519"
552,Branden Carlson,OKC,"$496,519",,,,,,"$496,519"
553,Terence Davis,SAC,"$64,301","$2,546,675",,,,,"$64,301"
554,Marcus Bagley,PHI,"$126,356",,,,,,"$126,356"
555,Brandon Williams,DAL,"$47,989","$2,270,735",,,,,"$47,989"
556,Javante McCoy,DET,"$47,265",,,,,,"$47,265"
557,Elfrid Payton,NOP,"$789,048","$3,153,598",,,,,"$549,104"
558,Isaiah Mobley,PHI,"$11,997",,,,,,"$11,997"
559,Braxton Key,GSW,"$11,997",,,,,,"$11,997"
560,JD Davison,BOS,"$11,997","$2,270,735",,,,,"$11,997"
,,,Salary,Salary,Salary,Salary,Salary,Salary,
Rk,Player,Tm,2024-25,2025-26,2026-27,2027-28,2028-29,2029-30,Guaranteed
561,Kylor Kelley,NOP,"$73,153",,,,,,"$73,153"
562,Jaylen Sims,CHO,"$73,153",,,,,,"$73,153"
